"ORDER_CREATED_TIME","ACTUAL_PICKUP_TIME","ACTUAL_DELIVERY_TIME","STORE_NAME","TOTAL_ITEM_COUNT","SUBTOTAL_IN_CENTS","ORDER_STATUS"
"2021-08-13 16:20:41.293458000","2021-08-13 17:56:37.197586000","2021-08-13 18:44:06.835984000","Safeway (2791)",5,0.000000000000,"Order Delivered"
"2021-08-13 16:31:21.167754000","2021-08-13 18:01:15.756774000","2021-08-13 18:25:01.174771000","Safeway (2791)",2,0.000000000000,"Order Delivered"
"2021-08-13 17:06:13.839331000","2021-08-13 17:26:48.189893000","2021-08-13 17:40:28.376217000","Capriotti's Sandwich Shop (CO229 - Highlands Ranch)",1,1699.000000000000,"Order Delivered"
"2021-08-13 18:23:31.063417000","2021-08-13 18:51:25.195120000","2021-08-13 19:18:26.515788000","Modern Market (West Highlands Ranch Parkway)",3,0.000000000000,"Order Delivered"
"2021-08-13 18:33:29.425429000","2021-08-13 18:52:45.598632000","2021-08-13 19:06:03.733617000","Modern Market (Highlands Ranch - 008)",2,1516.000000000000,"Order Delivered"
"2021-08-14 01:44:30.768471000","2021-08-14 02:17:32.930770000","2021-08-14 02:31:21.679501000","Wahoo's Fish Tacos (Highlands Ranch)",3,3031.000000000000,"Order Delivered"
"2021-08-14 02:00:33.660694000","2021-08-14 02:47:28.097750000","2021-08-14 03:06:12.402649000","Modern Market (West Highlands Ranch Parkway)",3,0.000000000000,"Order Delivered"
"2021-08-14 02:22:56.009852000","2021-08-14 02:52:29.853863000","2021-08-14 03:16:53.305569000","Cold Stone Creamery (20722)",2,1869.000000000000,"Order Delivered"
"2021-08-14 02:54:54.000373000","2021-08-14 03:26:22.643367000","2021-08-14 03:46:37.902702000","107 - Noodles & Company",2,1208.000000000000,"Order Delivered"
"2021-08-14 02:55:09.296694000","2021-08-14 03:25:28.227819000","2021-08-14 03:35:45.328221000","107 - Noodles & Company",3,2674.000000000000,"Order Delivered"
"2021-08-14 03:37:05.465607000","2021-08-14 04:00:12.573830000","2021-08-14 04:27:17.773147000","Aussie Grill (Highlands Ranch, CO - AGV614)",4,1478.000000000000,"Order Delivered"
"2021-08-14 03:51:18.904141000","2021-08-14 04:03:47.299971000","2021-08-14 04:41:30.858577000","Outback Steakhouse (Highlands Ranch - 614)",4,2126.000000000000,"Order Delivered"
"2021-08-14 15:34:58.310363000","2021-08-14 16:02:59.218720000","2021-08-14 16:16:54.658900000","Nekter Juice Bar (Highlands Ranch Pkwy)",2,2220.000000000000,"Order Delivered"
"2021-08-14 15:57:56.786945000","2021-08-14 16:27:13.884248000","2021-08-14 16:41:07.661531000","McDonald's (18083-HIGHLANDS RANCH)",3,1020.000000000000,"Order Delivered"
"2021-08-14 16:18:10.286363000","2021-08-14 16:55:17.020928000","2021-08-14 17:03:51.986377000","IHOP (1831)",1,1214.000000000000,"Order Delivered"
"2021-08-14 17:07:01.089587000","2021-08-14 17:22:20.527255000","2021-08-14 17:36:43.335249000","107 - Noodles & Company",4,3652.000000000000,"Order Delivered"
"2021-08-14 17:09:47.922849000","2021-08-14 17:28:46.091654000","2021-08-14 17:48:05.289900000","Jersey Mike's (South Colorado Boulevard)",2,0.000000000000,"Order Delivered"
"2021-08-15 02:00:49.459750000","2021-08-15 02:18:14.344863000","2021-08-15 02:39:04.990596000","Cold Stone Creamery (20722)",2,1709.000000000000,"Order Delivered"
"2021-08-15 02:54:45.084747000","2021-08-15 03:50:25.509754000","2021-08-15 04:23:45.558131000","Applebee's 8433 CENTENNIAL",1,2348.000000000000,"Order Delivered"
"2021-08-15 03:05:49.557003000","2021-08-15 03:55:05.141020000","2021-08-15 04:03:01.433435000","It's Just Wings (IJW001.005.0190) (pick up at Chili's)",1,1850.000000000000,"Order Delivered"
"2021-08-15 05:02:53.973641000","2021-08-15 05:15:37.918141000","2021-08-15 05:25:40.813681000","McDonald's (18083-HIGHLANDS RANCH)",5,1642.000000000000,"Order Delivered"
"2021-08-15 05:27:34.615165000","2021-08-15 05:47:10.446534000","2021-08-15 06:03:03.891913000","Wendy's (2664)",5,1444.000000000000,"Order Delivered"
"2021-08-15 06:05:13.466996000","2021-08-15 06:24:47.365201000","2021-08-15 06:38:19.966741000","Local 44 - Highlands Ranch",3,2327.000000000000,"Order Delivered"
"2021-08-16 17:09:52.528537000","2021-08-16 17:42:41.308234000","2021-08-16 18:05:38.992577000","Tropical Smoothie Cafe (CO-010)",3,1787.000000000000,"Order Delivered"
"2021-08-16 17:25:45.440246000","2021-08-16 17:46:07.173799000","2021-08-16 18:13:56.257125000","Tropical Smoothie Cafe (CO-010)",4,3246.000000000000,"Order Delivered"
"2021-08-16 17:54:59.673587000","2021-08-16 19:21:58.647483000","2021-08-16 19:32:53.051166000","Cava (Park Central Dr)",2,0.000000000000,"Order Delivered"
"2021-08-16 18:04:21.440265000","2021-08-16 18:26:19.677603000","2021-08-16 18:38:50.285375000","McDonald's (25575-LTN, CO-BELLEVIEW & PRINCE)",2,1839.000000000000,"Order Delivered"
"2021-08-16 18:47:01.412986000","2021-08-16 19:03:15.940090000","2021-08-16 19:10:43.856442000","Wahoo's Fish Tacos (Highlands Ranch)",1,1235.000000000000,"Order Delivered"
"2021-08-16 18:48:50.314021000","2021-08-16 18:58:34.821819000","2021-08-16 19:18:06.171805000","Tokyo Joe's (South Broadway)",1,0.000000000000,"Order Delivered"
"2021-08-16 19:27:09.054588000","2021-08-16 19:46:07.903629000","2021-08-16 19:52:46.831637000","McDonald's (18083-HIGHLANDS RANCH)",1,976.000000000000,"Order Delivered"
"2021-08-17 01:50:57.817425000","2021-08-17 02:56:30.971128000","2021-08-17 03:15:21.646634000","Cava Highlands Ranch 110",1,1469.000000000000,"Order Delivered"
"2021-08-17 02:03:51.013935000","2021-08-17 02:58:16.099898000","2021-08-17 03:18:34.493094000","Cava Highlands Ranch 110",1,1141.000000000000,"Order Delivered"
"2021-08-17 02:49:30.198525000","2021-08-17 03:35:35.786125000","2021-08-17 03:50:10.478071000","Arbys (8491)",2,1851.000000000000,"Order Delivered"
"2021-08-17 03:51:31.046112000","2021-08-17 04:07:19.825632000","2021-08-17 04:24:55.875532000","Burgers On Main - Highlands Ranch",2,1878.000000000000,"Order Delivered"
"2021-08-18 17:47:35.411229000","2021-08-18 18:40:38.756739000","2021-08-18 19:08:19.426484000","Chick-fil-A (03671)",2,934.000000000000,"Order Delivered"
"2021-08-18 19:34:27.880885000","2021-08-18 20:01:31.979433000","2021-08-18 20:28:01.239686000","Wendy's (10501)",4,2295.000000000000,"Order Delivered"
"2021-08-18 19:38:48.168676000","2021-08-18 20:05:05.495672000","2021-08-18 20:13:53.473846000","Corner Bakery (1505)",3,2596.000000000000,"Order Delivered"
"2021-08-18 23:41:56.620221000","2021-08-19 00:20:57.563832000","2021-08-19 00:26:13.153151000","Corner Bakery (1505)",2,1907.000000000000,"Order Delivered"
"2021-08-19 00:18:42.952478000","2021-08-19 00:44:14.956551000","2021-08-19 00:56:45.038843000","Buffalo Wild Wings (Sergeant Jon Stiles Drive)",3,0.000000000000,"Order Delivered"
"2021-08-19 00:19:09.974381000","2021-08-19 00:36:47.084228000","2021-08-19 00:56:53.769653000","Buffalo Wild Wings (Sergeant Jon Stiles Drive)",3,0.000000000000,"Order Delivered"
"2021-08-19 00:20:53.703112000","2021-08-19 01:24:42.084226000","2021-08-19 01:39:10.008493000","Chick-fil-A (03671)",7,4649.000000000000,"Order Delivered"
"2021-08-19 01:21:29.859485000","2021-08-19 01:59:26.421169000","2021-08-19 02:08:27.525392000","Chick-fil-A (03183)",5,2407.000000000000,"Order Delivered"
"2021-08-19 01:51:27.556628000","2021-08-19 02:16:49.369254000","2021-08-19 02:24:09.603625000","Capriotti's Sandwich Shop (CO229 - Highlands Ranch)",1,1199.000000000000,"Order Delivered"
"2021-08-19 02:20:12.971655000","2021-08-19 02:41:39.278277000","2021-08-19 02:50:06.006334000","McDonald's (18083-HIGHLANDS RANCH)",2,1746.000000000000,"Order Delivered"
"2021-08-19 02:59:28.933688000","2021-08-19 03:35:08.409699000","2021-08-19 03:59:45.225710000","Rock Bottom Restaurant and Brewery (1098 RB Highlands Ranch)",3,4096.000000000000,"Order Delivered"
"2021-08-19 03:59:38.026715000","2021-08-19 04:27:36.860574000","2021-08-19 04:46:16.213020000","Main Event - Highlands Ranch",4,3276.000000000000,"Order Delivered"
"2021-08-19 04:26:11.890291000","2021-08-19 05:04:13.549299000","2021-08-19 05:20:30.844196000","Old Chicago (Highlands Ranch - 0104)",2,1708.000000000000,"Order Delivered"
"2021-08-19 05:11:40.942638000","2021-08-19 05:45:16.875682000","2021-08-19 05:57:13.870463000","McDonald's (18083-HIGHLANDS RANCH)",2,1297.000000000000,"Order Delivered"
"2021-08-20 00:56:12.696001000","2021-08-20 01:21:48.804220000","2021-08-20 01:40:13.494276000","Smoothie King (1510)",4,3855.000000000000,"Order Delivered"
"2021-08-20 01:14:58.104871000","2021-08-20 02:13:10.227379000","2021-08-20 02:26:59.673681000","Bad Daddy's Burger Bar (Southglenn, 205)",3,5425.000000000000,"Order Delivered"
"2021-08-20 01:43:57.508874000","2021-08-20 01:53:59.163482000","2021-08-20 02:05:06.564888000","Chick-fil-A (02759)",5,2373.000000000000,"Order Delivered"
"2021-08-21 18:39:10.949503000","2021-08-22 22:20:27.155710000","2021-08-22 22:34:30.150855000","Applebee's (South University Boulevard)",3,0.000000000000,"Order Delivered"
"2021-08-22 02:21:29.036475000","2021-08-22 03:04:32.597750000","2021-08-22 03:14:39.799729000","Chick-fil-A (00689)",3,1433.000000000000,"Order Delivered"
"2021-08-22 02:58:09.312122000","2021-08-22 03:23:48.094476000","2021-08-22 03:32:22.485809000","Dairy Queen (14523)",3,1765.000000000000,"Order Delivered"
"2021-08-22 03:00:52.922650000","2021-08-22 03:23:54.759645000","2021-08-22 03:38:29.858649000","Dairy Queen (14523)",2,1377.000000000000,"Order Delivered"
"2021-08-22 03:05:42.636051000","2021-08-22 03:47:56.657791000","2021-08-22 03:55:56.299668000","Chipotle (Highlands Ranch)",1,1220.000000000000,"Order Delivered"
"2021-08-22 03:51:33.088884000","2021-08-22 04:10:25.649731000","2021-08-22 04:27:27.599946000","Outback Steakhouse (Highlands Ranch - 614)",1,2029.000000000000,"Order Delivered"
"2021-08-22 04:28:40.016492000","2021-08-22 04:37:45.136421000","2021-08-22 04:51:39.241457000","Dairy Queen (42457)",3,1220.000000000000,"Order Delivered"
"2021-08-22 16:07:45.114294000","2021-08-22 16:19:01.538470000","2021-08-22 16:27:58.480219000","McDonald's (18083-HIGHLANDS RANCH)",3,1914.000000000000,"Order Delivered"
"2021-08-22 16:21:46.123021000","2021-08-22 17:10:29.834934000","2021-08-22 17:24:02.008233000","(104 Southglenn) Snooze an A.M. Eatery",2,2505.000000000000,"Order Delivered"
"2021-08-22 16:22:50.197027000","2021-08-22 16:38:58.829249000","2021-08-22 16:50:58.372193000","Taco Bell (4078)",15,1615.000000000000,"Order Delivered"
"2021-08-22 17:14:26.592991000","2021-08-22 17:45:35.093557000","2021-08-22 17:57:41.655492000","Panera - Manna (South University Boulevard)",10,0.000000000000,"Order Delivered"
"2021-08-22 17:26:16.279488000","2021-08-22 17:49:25.903965000","2021-08-22 18:12:39.502191000","107 - Noodles & Company",1,1294.000000000000,"Order Delivered"
"2021-08-22 17:47:58.473052000","2021-08-22 18:38:11.132933000","2021-08-22 18:55:21.333874000","Snooze: an AM Eatery (South York Street)",3,0.000000000000,"Order Delivered"
"2021-08-22 17:54:34.348147000","2021-08-22 18:40:48.984307000","2021-08-22 19:02:11.014195000","Corner Bakery (1528)",3,1617.000000000000,"Order Delivered"
"2021-08-22 19:37:55.067671000","2021-08-22 20:07:49.486394000","2021-08-22 20:17:32.569537000","Buffalo Wild Wings (381)",6,2277.000000000000,"Order Delivered"
"2021-08-22 20:10:37.776799000","2021-08-22 20:27:37.869061000","2021-08-22 20:37:08.454600000","McDonald's (6389-SANTA FE & CHURCH)",6,2459.000000000000,"Order Delivered"
"2021-08-22 20:38:02.634881000","2021-08-22 20:55:16.205120000","2021-08-22 21:02:54.561956000","Chipotle (Wildcat)",3,3170.000000000000,"Order Delivered"
"2021-08-22 20:45:13.843042000","2021-08-22 21:20:28.898393000","2021-08-22 21:31:48.097254000","4G's Cafe (South Platte Canyon Road)",2,2125.000000000000,"Order Delivered"
"2021-08-22 21:28:41.782664000","2021-08-22 21:47:07.486025000","2021-08-22 21:56:51.274745000","Chipotle (Wildcat)",2,1345.000000000000,"Order Delivered"
"2021-08-22 21:41:59.677568000","2021-08-22 22:10:05.598003000","2021-08-22 22:25:29.343945000","Taco Bell (4078)",1,947.000000000000,"Order Delivered"
"2021-08-22 22:28:09.251902000","2021-08-22 22:40:56.330743000","2021-08-22 22:51:59.660615000","Cafe Rio (0061 Southglenn)",3,2997.000000000000,"Order Delivered"
"2021-08-22 22:43:15.030105000","2021-08-22 23:09:50.906877000","2021-08-22 23:28:20.624407000","Wingstop (497)",1,4078.000000000000,"Order Delivered"
"2021-08-23 15:20:34.096044000","2021-08-23 15:37:53.707333000","2021-08-23 15:44:09.172022000","Chick-fil-A (03183)",4,1095.000000000000,"Order Delivered"
"2021-09-02 22:36:39.766095000","2021-09-02 23:00:38.537439000","2021-09-02 23:12:35.154979000","Torchy's Tacos (61 - Highlands Ranch)",2,1180.000000000000,"Order Delivered"
"2021-09-02 22:53:29.739570000","2021-09-02 23:22:05.986666000","2021-09-02 23:37:53.107391000","Buffalo Wild Wings (Sergeant Jon Stiles Drive)",2,0.000000000000,"Order Delivered"
"2021-09-02 23:33:38.763228000","2021-09-02 23:50:41.566766000","2021-09-03 00:03:27.390780000","McDonald's (10561-BROADWAY & MINERAL)",2,1139.000000000000,"Order Delivered"
"2021-09-03 00:21:09.614554000","2021-09-03 01:04:14.359833000","2021-09-03 01:16:35.186486000","Subway 19123-0",1,0.000000000000,"Order Delivered"
"2021-09-03 00:57:36.255769000","2021-09-03 01:23:38.116784000","2021-09-03 01:33:32.426131000","Shake Shack (Highlands Ranch 1234)",4,3031.000000000000,"Order Delivered"
"2021-09-03 01:15:49.305512000","2021-09-03 02:03:49.184777000","2021-09-03 02:12:56.223872000","Torchy's Tacos (61 - Highlands Ranch)",5,3015.000000000000,"Order Delivered"
"2021-09-03 02:01:13.241063000","2021-09-03 02:20:00.679786000","2021-09-03 02:34:05.787524000","Capriotti's Sandwich Shop (CO229 - Highlands Ranch)",2,2648.000000000000,"Order Delivered"
"2021-09-03 23:46:48.038274000","2021-09-04 00:11:53.719607000","2021-09-04 00:25:19.796766000","Tokyo Joe's - 005 - HR 1",3,3225.000000000000,"Order Delivered"
"2021-09-03 23:48:19.836764000","2021-09-04 00:18:13.896222000","2021-09-04 00:32:21.629399000","Buffalo Wild Wings (Sergeant Jon Stiles Drive)",2,0.000000000000,"Order Delivered"
"2021-09-04 00:19:36.390919000","2021-09-04 01:11:57.633343000","2021-09-04 01:33:50.735286000","Subway 3566-0",2,3921.000000000000,"Order Delivered"
"2021-09-04 00:32:47.636023000","2021-09-04 00:47:13.314154000","2021-09-04 01:01:30.778731000","Chipotle (Wildcat)",3,2790.000000000000,"Order Delivered"
"2021-09-04 00:40:26.295612000","2021-09-04 01:13:50.022103000","2021-09-04 01:23:37.542707000","Little Basil Asian Grill (Littleton)",4,3070.000000000000,"Order Delivered"
"2021-09-04 01:09:35.215277000","2021-09-04 01:48:20.030210000","2021-09-04 02:02:49.953369000","Pho Broadway (S Broadway)",4,3520.000000000000,"Order Delivered"
"2021-09-04 02:56:10.382861000","2021-09-04 03:17:00.718187000","2021-09-04 03:24:33.630094000","Papa Johns-1057",1,0.000000000000,"Order Delivered"
"2021-09-04 03:18:39.185099000","2021-09-04 03:31:55.077632000","2021-09-04 03:42:10.826334000","Papa Johns-1057",2,0.000000000000,"Order Delivered"
"2021-09-04 03:42:44.483696000","2021-09-04 04:01:14.318014000","2021-09-04 04:10:17.486773000","Tender Shack (Out West - Highlands Ranch)",2,2900.000000000000,"Order Delivered"
"2021-09-04 04:05:35.818456000","2021-09-04 04:24:13.555655000","2021-09-04 04:36:00.696287000","Buffalo Wild Wings (381)",2,3937.000000000000,"Order Delivered"
"2021-09-04 04:37:09.521489000","2021-09-04 04:52:34.871263000","2021-09-04 04:56:27.373969000","McDonald's (10561-BROADWAY & MINERAL)",3,1235.000000000000,"Order Delivered"
"2021-09-05 00:58:30.029248000","2021-09-05 01:09:22.813208000","2021-09-05 01:20:22.358942000","Chipotle (Wildcat)",2,1230.000000000000,"Order Delivered"
"2021-09-05 01:23:00.418246000","2021-09-05 01:32:59.765119000","2021-09-05 01:38:08.980031000","Chipotle (West Wildcat Reserve Parkway)",6,0.000000000000,"Order Delivered"
"2021-09-05 01:29:44.943056000","2021-09-05 01:53:49.112751000","2021-09-05 02:11:07.736306000","Raising Cane's (Highlands Ranch)",4,1856.000000000000,"Order Delivered"
"2021-09-05 01:39:24.631381000","2021-09-05 01:54:06.897761000","2021-09-05 02:20:11.083823000","Raising Cane's (Highlands Ranch)",2,1816.000000000000,"Order Delivered"
"2021-09-05 01:56:10.651856000","2021-09-05 02:32:00.926945000","2021-09-05 02:41:00.370389000","Nono's Cafe (West County Line Road)",4,3870.000000000000,"Order Delivered"
"2021-09-05 17:58:53.595697000","2021-09-05 18:22:46.434018000","2021-09-05 18:43:59.361577000","Wingstop Drive (497)",2,0.000000000000,"Order Delivered"
"2021-09-05 18:05:57.555122000","2021-09-05 18:26:59.413357000","2021-09-05 18:32:45.261407000","Qdoba (2094) (C)",2,1370.000000000000,"Order Delivered"
"2021-09-05 18:30:25.309608000","2021-09-05 18:52:13.149522000","2021-09-05 19:05:43.005788000","Red Robin (211)",2,2645.000000000000,"Order Delivered"
"2021-09-05 18:58:04.864259000","2021-09-05 19:16:32.473116000","2021-09-05 19:22:39.904695000","Jersey Mike's Subs (22014)",1,1400.000000000000,"Order Delivered"
"2021-09-05 19:05:49.025208000","2021-09-05 19:15:42.551470000","2021-09-05 19:33:28.225239000","Five Guys CO-1681",2,1848.000000000000,"Order Delivered"
"2021-09-05 19:31:16.889899000","2021-09-05 19:42:22.961119000","2021-09-05 19:56:04.015812000","Taco Bell (4078)",2,1510.000000000000,"Order Delivered"
"2021-09-06 00:00:03.397517000","2021-09-06 00:34:17.946269000","2021-09-06 00:47:13.422917000","Outback Steakhouse (Highlands Ranch - 614)",5,8545.000000000000,"Order Delivered"
"2021-09-06 00:33:43.012636000","2021-09-06 00:59:09.516359000","2021-09-06 01:07:51.707141000","Wingstop (497)",1,1499.000000000000,"Order Delivered"
"2021-09-06 00:36:27.540617000","2021-09-06 00:59:00.281698000","2021-09-06 01:21:52.524839000","Wingstop Drive (497)",1,0.000000000000,"Order Delivered"
"2021-09-06 01:27:29.949415000","2021-09-06 01:43:42.936318000","2021-09-06 01:55:43.120581000","Walgreens (3489)",1,429.000000000000,"Order Delivered"
"2021-09-06 01:28:38.534248000","2021-09-06 02:03:28.723810000","2021-09-06 02:21:33.933106000","Wingstop (497)",1,1729.000000000000,"Order Delivered"
"2021-09-06 01:45:40.284491000","2021-09-06 02:07:49.318535000","2021-09-06 02:31:06.950958000","Baskin-Robbins (345235)",1,1375.000000000000,"Order Delivered"
"2021-09-06 03:03:04.697561000","2021-09-06 03:24:34.965295000","2021-09-06 03:30:55.097453000","Cold Stone Creamery (20722)",1,824.000000000000,"Order Delivered"
"2021-09-06 03:59:50.929346000","2021-09-06 04:19:09.179804000","2021-09-06 04:27:55.445503000","McDonald's (18083-HIGHLANDS RANCH)",4,1373.000000000000,"Order Delivered"
"2021-09-06 04:28:48.973348000","2021-09-06 04:56:38.203541000","2021-09-06 05:06:13.685888000","McDonald's (18083-HIGHLANDS RANCH)",2,1217.000000000000,"Order Delivered"
"2021-09-06 04:47:31.744982000","2021-09-06 05:20:13.574733000","2021-09-06 05:25:52.080933000","Old Chicago (Highlands Ranch - 0104)",2,2308.000000000000,"Order Delivered"
"2021-09-06 05:13:12.963722000","2021-09-06 05:30:01.086310000","2021-09-06 05:46:04.106502000","Old Chicago (Highlands Ranch - 0104)",1,1319.000000000000,"Order Delivered"
"2021-09-07 03:05:11.724181000","2021-09-07 03:34:43.917146000","2021-09-07 03:41:15.113579000","McDonald's (18083-HIGHLANDS RANCH)",2,1480.000000000000,"Order Delivered"
"2021-09-07 03:15:05.958533000","2021-09-07 03:52:06.977292000","2021-09-07 04:03:40.230299000","Little Caesars Drive (1783-0001)",8,0.000000000000,"Order Delivered"
"2021-09-07 04:02:58.478297000","2021-09-07 04:24:45.860886000","2021-09-07 04:34:28.376033000","Wendy's (1660)",5,1819.000000000000,"Order Delivered"
"2021-09-09 18:17:29.867970000","2021-09-09 21:56:18.513076000","2021-09-09 22:05:39.847037000","Chick-fil-A (02759)",3,1099.000000000000,"Order Delivered"
"2021-09-09 20:00:19.303762000","2021-09-09 20:52:06.315493000","2021-09-09 21:18:43.721128000","Little Caesars (1783-0001)",3,2981.000000000000,"Order Delivered"
"2021-09-09 20:28:13.954719000","2021-09-09 20:56:52.883730000","2021-09-09 21:04:05.605291000","Buffalo Wild Wings (381)",1,2579.000000000000,"Order Delivered"
"2021-09-09 21:04:09.586743000","2021-09-09 21:26:57.203796000","2021-09-09 21:39:58.419397000","Chick-fil-A (02759)",4,1802.000000000000,"Order Delivered"
"2021-09-13 00:58:41.159985000","2021-09-13 01:45:47.717998000","2021-09-13 01:54:47.119164000","Walgreens (4952)",1,329.000000000000,"Order Delivered"
"2021-09-13 01:00:39.585691000","2021-09-13 01:29:56.033009000","2021-09-13 01:34:31.336319000","McDonald's (18083-HIGHLANDS RANCH)",5,1411.000000000000,"Order Delivered"
"2021-09-13 01:40:19.067094000","2021-09-13 02:04:34.868968000","2021-09-13 02:20:00.448310000","Little Caesars Drive (1783-0001)",2,0.000000000000,"Order Delivered"
"2021-09-13 02:22:07.158455000","2021-09-13 02:34:19.156916000","2021-09-13 02:38:18.562546000","Walgreens (2641)",6,2044.000000000000,"Order Delivered"
"2021-09-13 03:05:00.618965000","2021-09-13 03:17:09.577274000","2021-09-13 03:24:47.756051000","Wendy's (10501)",2,1185.000000000000,"Order Delivered"
"2021-09-13 03:33:24.888711000","2021-09-13 03:47:05.634040000","2021-09-13 03:57:59.857236000","Safeway (1480)",4,1266.000000000000,"Order Delivered"
"2021-09-13 03:53:47.033997000","2021-09-13 04:16:21.728894000","2021-09-13 04:29:09.036626000","Buffalo Wild Wings (381)",4,4198.000000000000,"Order Delivered"
"2021-09-13 04:25:33.453366000","2021-09-13 04:41:23.729084000","2021-09-13 04:51:39.062247000","Buffalo Wild Wings (381)",2,2708.000000000000,"Order Delivered"
"2021-09-13 13:20:09.423244000","2021-09-13 20:39:12.984470000","2021-09-13 21:06:29.319987000","Bed Bath (Highlands Ranch-838)",3,0.000000000000,"Order Delivered"
"2021-09-13 19:06:36.965662000","2021-09-13 19:22:24.774882000","2021-09-13 19:32:04.311154000","Chick-fil-A (03183)",3,1853.000000000000,"Order Delivered"
"2021-09-13 19:11:16.803231000","2021-09-13 19:49:07.076170000","2021-09-13 20:06:08.378924000","Tropical Smoothie Cafe (CO-010)",3,2733.000000000000,"Order Delivered"
"2021-09-13 20:06:13.523173000","2021-09-13 20:27:32.851349000","2021-09-13 20:50:32.524915000","MAD Greens (1525 Park Central Drive)",3,0.000000000000,"Order Delivered"
"2021-09-13 20:56:22.706342000","2021-09-13 21:30:25.120321000","2021-09-13 21:46:49.821108000","Tropical Smoothie Cafe (CO-010)",2,1658.000000000000,"Order Delivered"
"2021-09-14 00:20:13.074898000","2021-09-14 00:43:27.683911000","2021-09-14 01:10:25.618891000","Modern Market (West Highlands Ranch Parkway)",4,0.000000000000,"Order Delivered"
"2021-09-14 00:29:59.459227000","2021-09-14 00:52:27.925043000","2021-09-14 01:03:08.212551000","Red Robin (Centennial Boulevard)",2,0.000000000000,"Order Delivered"
"2021-09-14 00:54:25.467057000","2021-09-14 01:31:24.906641000","2021-09-14 01:39:20.166938000","Wendy's (1660)",11,6173.000000000000,"Order Delivered"
"2021-09-14 00:56:40.268321000","2021-09-14 01:47:30.732190000","2021-09-14 02:05:36.216459000","Bahama Buck's (Centennial)",2,1257.000000000000,"Order Delivered"
"2021-09-14 01:32:54.960908000","2021-09-14 01:52:46.008251000","2021-09-14 02:13:55.105753000","Bahama Buck's (South University Boulevard)",1,0.000000000000,"Order Delivered"
"2021-09-14 02:04:33.828705000","2021-09-14 02:22:00.304537000","2021-09-14 02:35:09.912351000","Modern Market (Highlands Ranch - 008)",3,2917.000000000000,"Order Delivered"
"2021-09-14 20:33:19.951867000","2021-09-14 20:42:58.859728000","2021-09-14 20:51:40.774892000","Tokyo Joe's - 005 - HR 1",2,1825.000000000000,"Order Delivered"
"2021-09-14 20:55:09.722875000","2021-09-14 21:01:30.114418000","2021-09-14 21:11:10.083704000","Modern Market (Highlands Ranch - 008)",1,1788.000000000000,"Order Delivered"
"2021-09-14 21:06:31.074124000","2021-09-14 21:22:30.018588000","2021-09-14 21:30:33.638323000","136 - Noodles & Company",2,1610.000000000000,"Order Delivered"
"2021-09-14 21:30:49.620087000","2021-09-14 21:42:34.082101000","2021-09-14 21:52:05.355677000","Chick-fil-A (03183)",3,1223.000000000000,"Order Delivered"
"2021-09-14 21:34:54.969240000","2021-09-14 21:58:12.873865000","2021-09-14 22:08:20.887271000","Applebee's 8433 CENTENNIAL",1,1679.000000000000,"Order Delivered"
"2021-09-14 23:46:08.095918000","2021-09-14 23:59:06.367216000","2021-09-15 00:08:08.853607000","McDonald's (18083-HIGHLANDS RANCH)",2,1998.000000000000,"Order Delivered"
"2021-09-15 00:01:26.610311000","2021-09-15 00:20:55.257379000","2021-09-15 00:25:47.191016000","Chick-fil-A (03183)",4,3230.000000000000,"Order Delivered"
"2021-09-15 00:04:44.352076000","2021-09-15 00:35:23.648295000","2021-09-15 00:48:57.022438000","Little Caesars Drive (1783-0001)",2,0.000000000000,"Order Delivered"
"2021-09-15 00:39:59.482789000","2021-09-15 00:58:36.336416000","2021-09-15 01:18:56.783119000","107 - Noodles & Company",5,4039.000000000000,"Order Delivered"
"2021-09-15 00:46:33.761157000","2021-09-15 00:58:17.471207000","2021-09-15 01:09:13.811544000","107 - Noodles & Company",3,1445.000000000000,"Order Delivered"
"2021-09-15 01:00:11.913353000","2021-09-15 01:24:31.057649000","2021-09-15 01:34:44.046471000","Chipotle (Wildcat)",2,1375.000000000000,"Order Delivered"
"2021-09-15 01:21:39.173070000","2021-09-15 01:42:34.805745000","2021-09-15 01:54:56.839577000","Red Robin (211)",5,4285.000000000000,"Order Delivered"
"2021-09-15 01:39:57.886828000","2021-09-15 02:06:44.108596000","2021-09-15 02:16:16.213033000","Old Chicago (Highlands Ranch - 0104)",3,5477.000000000000,"Order Delivered"
"2021-09-15 23:44:02.431130000","2021-09-16 00:29:34.180462000","2021-09-16 00:51:33.419999000","Bed Bath (Highlands Ranch-838)",3,0.000000000000,"Order Delivered"
"2021-09-16 00:02:50.616602000","2021-09-16 00:20:03.420888000","2021-09-16 00:37:24.105211000","Tokyo Joe's - 005 - HR 1",5,4020.000000000000,"Order Delivered"
"2021-09-16 00:45:54.520453000","2021-09-16 01:03:37.119061000","2021-09-16 01:12:13.075092000","Casa Caliente Restaurant & Cantina",1,1250.000000000000,"Order Delivered"
"2021-09-16 00:57:44.833766000","2021-09-16 01:28:53.512286000","2021-09-16 01:36:10.296693000","Chipotle (Dry Creek)",4,2680.000000000000,"Order Delivered"
"2021-09-16 01:25:52.648703000","2021-09-16 01:43:25.444119000","2021-09-16 01:48:53.549501000","Village Inn (Centennial Boulevard)",2,0.000000000000,"Order Delivered"
"2021-09-16 01:33:47.136383000","2021-09-16 01:54:12.590044000","2021-09-16 02:01:35.833640000","Chili's (001.005.0190)",4,3666.000000000000,"Order Delivered"
"2021-09-16 01:42:25.173600000","2021-09-16 02:06:35.486162000","2021-09-16 02:19:20.384242000","Outback Steakhouse (Highlands Ranch - 614)",2,3828.000000000000,"Order Delivered"
"2021-09-19 18:30:01.118996000","2021-09-19 19:00:45.134920000","2021-09-19 19:07:32.364623000","Wendy's (2664)",9,3714.000000000000,"Order Delivered"
"2021-09-19 18:31:41.079171000","2021-09-19 19:01:47.587264000","2021-09-19 19:15:36.682285000","Wendy's (South University Boulevard)",1,0.000000000000,"Order Delivered"
"2021-09-19 19:11:02.508662000","2021-09-19 19:26:38.865794000","2021-09-19 19:38:46.794073000","Chipotle (Highlands Ranch)",3,2435.000000000000,"Order Delivered"
"2021-09-19 19:13:52.404304000","2021-09-19 19:31:07.594680000","2021-09-19 19:43:03.493227000","Panera - Manna (South University Boulevard)",10,0.000000000000,"Order Delivered"
"2021-09-19 19:27:44.849233000","2021-09-19 19:56:15.977568000","2021-09-19 20:07:49.597671000","Wingstop Drive (497)",4,0.000000000000,"Order Delivered"
"2021-09-19 19:39:06.616551000","2021-09-19 20:00:42.836418000","2021-09-19 20:16:49.923464000","Pei Wei (25)",6,1258.000000000000,"Order Delivered"
"2021-09-23 02:34:49.996306000","2021-09-23 03:01:56.806594000","2021-09-23 03:13:25.916415000","Papa Johns-1057",3,0.000000000000,"Order Delivered"
"2021-11-12 22:06:55.150849000","2021-11-12 22:42:01.501046000","2021-11-12 23:00:41.564269000","Red Robin (211)",1,1275.000000000000,"Order Delivered"
"2021-11-12 23:07:30.676258000","2021-11-12 23:34:43.525109000","2021-11-13 00:03:50.039772000","Old Chicago (Highlands Ranch - 0104)",2,2178.000000000000,"Order Delivered"
"2021-11-12 23:12:39.725990000","2021-11-12 23:38:16.085400000","2021-11-12 23:54:21.684587000","Shake Shack (Highlands Ranch 1234)",7,5696.000000000000,"Order Delivered"
"2021-11-12 23:51:10.410315000","2021-11-13 00:15:05.535864000","2021-11-13 00:23:22.451766000","Panda Express (545)",1,3480.000000000000,"Order Delivered"
"2021-11-13 00:04:10.992695000","2021-11-13 00:15:11.026445000","2021-11-13 00:33:35.403542000","Panda Express (545)",2,1210.000000000000,"Order Delivered"
"2021-11-13 00:17:27.589075000","2021-11-13 00:45:51.227752000","2021-11-13 01:01:31.190605000","Outback Steakhouse (Highlands Ranch - 614)",2,4348.000000000000,"Order Delivered"
"2021-11-13 00:25:00.444038000","2021-11-13 00:50:06.731461000","2021-11-13 01:04:16.278521000","Outback Steakhouse (Highlands Ranch - 614)",3,5047.000000000000,"Order Delivered"
"2021-11-13 00:56:43.197865000","2021-11-13 01:51:18.566491000","2021-11-13 02:37:46.192970000","Haveli Indian Cuisine (Littleton)",3,3100.000000000000,"Order Delivered"
"2021-11-16 01:03:00.907410000","2021-11-16 01:48:54.005962000","2021-11-16 02:10:50.111912000","Tropical Smoothie Cafe (CO-010)",2,1648.000000000000,"Order Delivered"
"2021-11-16 01:19:54.133628000","2021-11-16 01:48:29.447728000","2021-11-16 01:57:43.932354000","Tropical Smoothie Cafe (CO-010)",3,2834.000000000000,"Order Delivered"
"2021-11-16 02:12:14.687409000","2021-11-16 02:29:34.567418000","2021-11-16 02:37:22.320573000","McDonald's (10561-BROADWAY & MINERAL)",4,2111.000000000000,"Order Delivered"
"2021-11-16 02:25:37.886015000","2021-11-16 03:04:00.494276000","2021-11-16 03:13:35.480366000","Safeway (2791)",7,3126.000000000000,"Order Delivered"
"2021-11-16 03:09:53.436054000","2021-11-16 03:19:16.559239000","2021-11-16 03:27:59.199107000","Wang's Gourmet",2,2848.000000000000,"Order Delivered"
"2021-11-19 23:25:43.302484000","2021-11-19 23:46:49.794037000","2021-11-19 23:58:47.601500000","Buffalo Wild Wings (381)",1,2579.000000000000,"Order Delivered"
"2021-11-20 00:06:46.386015000","2021-11-20 00:23:16.652940000","2021-11-20 00:47:55.787599000","Papa Johns-1057",1,0.000000000000,"Order Delivered"
"2021-11-20 00:06:59.580121000","2021-11-20 00:23:11.729422000","2021-11-20 00:38:17.786230000","Papa Johns-1057",2,0.000000000000,"Order Delivered"
"2021-11-20 00:27:39.446197000","2021-11-20 01:05:23.874184000","2021-11-20 01:20:59.811764000","Freddy's Frozen Custard & Steakburgers - (11-0005)",3,2777.000000000000,"Order Delivered"
"2021-11-20 00:47:27.725644000","2021-11-20 01:05:06.097821000","2021-11-20 01:31:44.830667000","Freddy's Frozen Custard & Steakburgers - (11-0005)",1,1486.000000000000,"Order Delivered"
"2021-11-21 23:41:09.041848000","2021-11-22 00:02:01.164857000","2021-11-22 00:21:58.275701000","Modern Market (West Highlands Ranch Parkway)",5,0.000000000000,"Order Delivered"
"2021-11-22 00:15:58.600004000","2021-11-22 00:33:50.744707000","2021-11-22 00:42:35.632704000","Chipotle (South University Boulevard)",5,0.000000000000,"Order Delivered"
"2021-11-22 00:27:43.968452000","2021-11-22 00:55:31.583068000","2021-11-22 01:02:36.352028000","Chipotle (Highlands Ranch)",1,905.000000000000,"Order Delivered"
"2021-11-22 00:30:08.632477000","2021-11-22 00:54:54.763432000","2021-11-22 01:17:52.834622000","Panera MP (202421 - South University Boulevard - Highlands Ranch CO)",2,3106.000000000000,"Order Delivered"
"2021-11-22 00:53:06.253603000","2021-11-22 01:10:15.865580000","2021-11-22 01:23:39.137553000","Tokyo Joe's - 005 - HR 1",4,4715.000000000000,"Order Delivered"
"2021-12-17 19:09:40.809553000","2021-12-17 19:34:04.023356000","2021-12-17 19:42:43.097937000","Chick-fil-A (03183)",6,2276.000000000000,"Order Delivered"
"2021-12-17 19:32:39.388189000","2021-12-17 19:55:00.591462000","2021-12-17 20:04:06.638669000","Chick-fil-A (03183)",2,1018.000000000000,"Order Delivered"
"2021-12-17 19:58:24.524574000","2021-12-17 20:11:56.992971000","2021-12-17 20:29:58.997338000","Chick-fil-A (03183)",3,1173.000000000000,"Order Delivered"
"2021-12-17 20:09:05.673670000","2021-12-17 20:50:07.420692000","2021-12-17 20:59:10.605188000","Wendy's (2664)",3,1334.000000000000,"Order Delivered"
"2021-12-17 20:43:12.457629000","2021-12-17 21:25:44.689537000","2021-12-17 21:35:39.670967000","Chick-fil-A (00689)",3,1163.000000000000,"Order Delivered"
"2021-12-17 20:44:54.344939000","2021-12-17 21:08:47.300176000","2021-12-17 21:17:53.796595000","Chipotle (South University Boulevard)",2,0.000000000000,"Order Delivered"
"2021-12-17 23:51:40.072718000","2021-12-18 00:26:25.590473000","2021-12-18 00:34:40.286409000","Capriotti's Sandwich Shop (CO229 - Highlands Ranch)",4,5246.000000000000,"Order Delivered"
"2021-12-17 23:54:43.978335000","2021-12-18 00:50:57.034794000","2021-12-18 01:16:57.908429000","Little Caesars Drive (1783-0001)",7,0.000000000000,"Order Delivered"
"2021-12-18 00:25:14.421679000","2021-12-18 00:56:36.806049000","2021-12-18 01:26:45.445076000","Modern Market (Highlands Ranch - 008)",1,1857.000000000000,"Order Delivered"
"2021-12-18 01:23:45.758367000","2021-12-18 01:39:00.120767000","2021-12-18 01:47:46.870210000","Chick-fil-A (00689)",3,1328.000000000000,"Order Delivered"
"2021-12-19 21:20:53.068709000","2021-12-19 21:56:58.893586000","2021-12-19 22:06:23.591439000","It's Just Wings (IJW001.005.0190) (pick up at Chili's)",1,2600.000000000000,"Order Delivered"
"2021-12-19 21:48:59.046330000","2021-12-19 22:11:48.493947000","2021-12-19 22:22:57.137096000","Tokyo Joe's (South Broadway)",2,0.000000000000,"Order Delivered"
"2021-12-19 22:20:51.860592000","2021-12-19 22:30:57.777133000","2021-12-19 23:02:05.785304000","Panda Express (545)",3,2720.000000000000,"Order Delivered"
"2021-12-19 22:26:35.516749000","2021-12-19 22:42:49.140395000","2021-12-19 22:50:45.350903000","Firehouse Subs  (500-A)",2,2600.000000000000,"Order Delivered"
"2021-12-26 23:35:26.478529000","2021-12-27 00:18:42.150883000","2021-12-27 00:49:47.370073000","Papa John's (1057)",1,2094.000000000000,"Order Delivered"
"2021-12-27 00:07:10.710401000","2021-12-27 00:25:57.027463000","2021-12-27 00:33:24.191093000","Freddy's Frozen Custard & Steakburgers - (11-0005)",1,1462.000000000000,"Order Delivered"
"2021-12-27 00:55:52.942428000","2021-12-27 01:16:08.138145000","2021-12-27 01:31:54.340866000","Arbys (8491)",3,2301.000000000000,"Order Delivered"
"2021-12-29 13:05:46.426201000","2021-12-29 13:10:46.345121000","2021-12-29 13:18:28.718374000","McDonald's (18083-HIGHLANDS RANCH)",6,1586.000000000000,"Order Delivered"
"2022-01-03 22:43:44.204841000","2022-01-03 23:15:03.301536000","2022-01-03 23:32:22.386596000","Wendy's (10501)",1,1086.000000000000,"Order Delivered"
"2022-01-03 22:44:34.748607000","2022-01-04 00:05:11.769639000","2022-01-04 00:25:25.747499000","Anthony's Pizza & Pasta (W Town Center Dr)-",3,3875.000000000000,"Order Delivered"
"2022-01-03 22:46:54.071359000","2022-01-03 22:58:02.956058000","2022-01-03 23:04:56.916506000","Chick-fil-A (03183)",1,0.000000000000,"Order Delivered"
"2022-01-03 23:10:11.946983000","2022-01-03 23:21:47.896381000","2022-01-03 23:50:59.613932000","Wendy's (10501)",8,2204.000000000000,"Order Delivered"
"2022-01-04 00:14:11.171468000","2022-01-04 00:41:46.285910000","2022-01-04 00:57:17.920321000","Chipotle (West Wildcat Reserve Parkway)",3,0.000000000000,"Order Delivered"
"2022-01-08 00:30:11.794532000","2022-01-08 01:00:55.876376000","2022-01-08 01:11:54.236481000","Chick-fil-A (03183)",8,3864.000000000000,"Order Delivered"
"2022-01-08 00:38:19.507669000","2022-01-08 01:37:13.191626000","2022-01-08 01:58:34.890734000","Haveli Indian Cuisine (Littleton)",5,5900.000000000000,"Order Delivered"
"2022-01-08 00:49:18.034309000","2022-01-08 01:28:49.039451000","2022-01-08 01:46:00.744033000","Papa Johns-1057",4,0.000000000000,"Order Delivered"
"2022-01-12 20:10:31.356254000","2022-01-12 20:23:44.085080000","2022-01-12 20:34:12.889129000","Safeway (1480)",1,715.000000000000,"Order Delivered"
"2022-01-13 22:36:33.243354000","2022-01-13 23:16:06.208270000","2022-01-13 23:34:38.840218000","The Lost Cajun - Highlands Ranch",4,4500.000000000000,"Order Delivered"
"2022-01-13 22:36:47.350381000","2022-01-13 22:57:06.309179000","2022-01-13 23:02:36.964777000","Subway 19123-0",3,1176.000000000000,"Order Delivered"
"2022-01-13 23:09:35.535204000","2022-01-14 00:20:11.037937000","2022-01-14 00:37:00.901070000","MOD Pizza (Highlands Ranch - 260)",4,3666.000000000000,"Order Delivered"
"2022-01-13 23:42:45.219331000","2022-01-13 23:56:39.813077000","2022-01-14 00:09:31.042537000","Little Caesars Drive (1783-0001)",3,0.000000000000,"Order Delivered"
"2022-01-14 00:05:14.996459000","2022-01-14 00:22:20.764258000","2022-01-14 01:01:36.623929000","MOD Pizza (Highlands Ranch - 260)",1,1099.000000000000,"Order Delivered"
"2022-01-14 00:30:00.806120000","2022-01-14 01:11:48.721840000","2022-01-14 01:30:17.483849000","Walter's303 Bow Mar (Littleton)",3,4490.000000000000,"Order Delivered"
"2022-01-21 16:19:14.557901000","2022-01-21 16:25:53.575586000","2022-01-21 16:32:43.289304000","McDonald's (18083-HIGHLANDS RANCH)",2,970.000000000000,"Order Delivered"
"2022-04-29 19:51:00.088062000","2022-04-29 20:04:02.851175000","2022-04-29 20:09:39.298345000","Qdoba (2239) (C)",2,2540.000000000000,"Order Delivered"
"2022-04-29 20:07:19.891153000","2022-04-29 20:14:08.566761000","2022-04-29 20:22:10.065727000","Corner Bakery (1505)",2,1828.000000000000,"Order Delivered"
"2022-04-29 20:22:07.319974000","2022-04-29 20:35:07.132070000","2022-04-29 20:42:41.626022000","Smoothie King (1510)",1,1430.000000000000,"Order Delivered"
"2022-04-30 00:29:54.549641000","2022-04-30 01:02:58.676870000","2022-04-30 01:09:46.363432000","Little Caesars Drive (1783-0001)",2,0.000000000000,"Order Delivered"
"2022-04-30 00:48:30.555056000","2022-04-30 01:22:23.209346000","2022-04-30 01:32:29.406734000","Torchy's Tacos (61 - Highlands Ranch)",3,1515.000000000000,"Order Delivered"
"2022-04-30 01:26:06.052719000","2022-04-30 01:42:43.574259000","2022-04-30 01:48:32.670183000","Chipotle (Wildcat)",3,3330.000000000000,"Order Delivered"
"2022-04-30 01:45:40.192472000","2022-04-30 02:05:13.825822000","2022-04-30 02:24:24.151803000","I Heart Mac & Cheese (Sergeant Jon Stiles Drive)",2,2215.000000000000,"Order Delivered"
"2022-04-30 01:46:28.631164000","2022-04-30 01:59:27.283090000","2022-04-30 02:12:29.167086000","Kneaders Bakery & Cafe (Highlands Ranch)",4,3496.000000000000,"Order Delivered"
"2022-04-30 02:02:05.721060000","2022-04-30 02:36:07.418358000","2022-04-30 02:50:17.598288000","Old Chicago (Highlands Ranch - 0104)",2,3208.000000000000,"Order Delivered"
"2022-04-30 02:35:05.943960000","2022-04-30 03:07:27.137031000","2022-04-30 03:18:21.367144000","The Meltdown (@Denny's)(9651)",3,3176.000000000000,"Order Delivered"
"2022-04-30 03:09:49.975587000","2022-04-30 03:33:17.232995000","2022-04-30 03:40:45.401354000","Buffalo Wild Wings - Wild Burger (381)",1,1249.000000000000,"Order Delivered"
"2022-04-30 03:15:10.989390000","2022-04-30 03:52:59.437800000","2022-04-30 04:00:06.211897000","Crumbl (Highlands Ranch)",1,1780.000000000000,"Order Delivered"
"2022-04-30 15:53:35.621030000","2022-04-30 16:12:55.791776000","2022-04-30 16:22:20.712799000","Chick-fil-A (03183)",4,1538.000000000000,"Order Delivered"
"2022-04-30 16:22:34.934160000","2022-04-30 16:31:11.206203000","2022-04-30 16:41:29.082786000","McDonald's (18083-HIGHLANDS RANCH)",2,1061.000000000000,"Order Delivered"
"2022-05-01 02:37:43.210763000","2022-05-01 03:40:52.351336000","2022-05-01 04:01:24.061467000","Old Chicago (Highlands Ranch - 0104)",2,3908.000000000000,"Order Delivered"
"2022-05-01 02:47:01.593346000","2022-05-01 03:33:38.459831000","2022-05-01 03:48:42.434186000","Cold Stone Creamery (20722)",2,2060.000000000000,"Order Delivered"
"2022-05-01 03:33:06.505719000","2022-05-01 04:26:59.447557000","2022-05-01 04:47:59.194870000","Crumbl (Highlands Ranch) (South University Boulevard)",1,0.000000000000,"Order Delivered"
"2022-05-01 19:11:54.031435000","2022-05-01 19:30:53.755211000","2022-05-01 19:41:49.377111000","Subway 19123-0",1,0.000000000000,"Order Delivered"
"2022-05-01 19:20:56.223211000","2022-05-01 19:50:21.496675000","2022-05-01 20:04:28.459644000","Tokyo Joe's - 005 - HR 1",2,1965.000000000000,"Order Delivered"
"2022-05-01 20:07:17.281700000","2022-05-01 20:17:51.403218000","2022-05-01 20:24:03.847933000","Tokyo Joe's (South Broadway)",1,0.000000000000,"Order Delivered"
"2022-05-01 20:30:09.127982000","2022-05-01 20:45:48.849368000","2022-05-01 20:57:35.142152000","Modern Market (West Highlands Ranch Parkway)",4,0.000000000000,"Order Delivered"
"2022-05-01 21:01:05.859016000","2022-05-01 21:14:44.309082000","2022-05-01 21:21:25.161283000","McDonald's (18083-HIGHLANDS RANCH)",2,656.000000000000,"Order Delivered"
"2022-05-01 21:02:48.269225000","2022-05-01 21:29:01.764028000","2022-05-01 21:40:51.176792000","Buffalo Wild Wings (381)",4,3037.000000000000,"Order Delivered"
"2022-05-01 22:44:20.204248000","2022-05-01 23:32:03.400799000","2022-05-01 23:43:37.851440000","Safeway (1480)",9,1490.000000000000,"Order Delivered"
"2022-05-01 23:36:02.705653000","2022-05-01 23:55:23.881142000","2022-05-02 00:10:51.641919000","Tropical Smoothie Cafe (CO-010)",5,4045.000000000000,"Order Delivered"
"2022-05-02 00:07:51.916096000","2022-05-02 00:28:52.700872000","2022-05-02 00:39:14.017093000","4G's Cafe (South Platte Canyon Road)",4,3525.000000000000,"Order Delivered"
"2022-05-02 00:38:52.148503000","2022-05-02 00:52:46.546593000","2022-05-02 00:59:27.926788000","Shake Shack (Highlands Ranch 1234)",4,2496.000000000000,"Order Delivered"
"2022-05-02 00:42:29.276694000","2022-05-02 00:52:51.885864000","2022-05-02 01:09:18.215059000","Shake Shack (Highlands Ranch 1234)",4,2206.000000000000,"Order Delivered"
"2022-05-02 02:44:41.730111000","2022-05-02 02:54:47.968624000","2022-05-02 03:13:30.562981000","McDonald's (18083-HIGHLANDS RANCH)",6,1763.000000000000,"Order Delivered"
"2022-05-02 03:13:07.159556000","2022-05-02 03:31:38.789150000","2022-05-02 03:43:01.737017000","Red Robin (211)",2,1908.000000000000,"Order Delivered"
"2022-05-02 17:20:29.665787000","2022-05-02 17:45:23.741895000","2022-05-02 18:00:54.280790000","Walgreens (4952)",8,3172.000000000000,"Order Delivered"
"2022-05-02 17:27:41.779477000","2022-05-02 17:55:55.338174000","2022-05-02 18:08:34.929692000","Wendy's (10501)",4,1583.000000000000,"Order Delivered"
"2022-05-04 23:09:19.793266000","2022-05-04 23:22:59.300812000","2022-05-04 23:29:11.638926000","Shake Shack (Highlands Ranch 1234)",3,2127.000000000000,"Order Delivered"
"2022-05-04 23:17:44.030359000","2022-05-04 23:35:34.163003000","2022-05-04 23:43:57.192356000","Red Robin (211)",3,2887.000000000000,"Order Delivered"
"2022-05-04 23:36:13.573891000","2022-05-05 00:04:34.717600000","2022-05-05 00:11:59.329963000","Outback Steakhouse (Highlands Ranch - 614)",1,3149.000000000000,"Order Delivered"
"2022-05-04 23:47:54.032215000","2022-05-05 00:04:39.859474000","2022-05-05 00:21:41.001515000","Outback Steakhouse (Highlands Ranch - 614)",2,4997.000000000000,"Order Delivered"
"2022-05-05 00:11:09.393407000","2022-05-05 00:49:01.032371000","2022-05-05 00:57:43.581905000","Modern Market (Highlands Ranch - 008)",4,3376.000000000000,"Order Delivered"
"2022-05-05 00:26:08.917677000","2022-05-05 00:48:55.306967000","2022-05-05 01:05:14.992653000","Modern Market (West Highlands Ranch Parkway)",2,0.000000000000,"Order Delivered"
"2022-05-05 00:46:57.143930000","2022-05-05 01:18:18.839464000","2022-05-05 01:43:41.182486000","Dairy Queen (14523)",2,1641.000000000000,"Order Delivered"
"2022-05-05 00:48:32.664511000","2022-05-05 01:18:14.099459000","2022-05-05 01:31:30.186755000","Dairy Queen (14523)",2,1604.000000000000,"Order Delivered"
"2022-05-05 17:49:10.768795000","2022-05-05 18:02:49.496212000","2022-05-05 18:09:23.606020000","Panda Express (545)",1,915.000000000000,"Order Delivered"
"2022-05-05 18:03:57.145358000","2022-05-05 18:17:26.937447000","2022-05-05 18:37:56.545493000","Chipotle (South University Boulevard)",3,0.000000000000,"Order Delivered"
"2022-05-05 18:08:45.945042000","2022-05-05 18:17:12.567719000","2022-05-05 18:40:57.286930000","Chipotle (South University Boulevard)",2,0.000000000000,"Order Delivered"
"2022-05-05 22:43:30.232785000","2022-05-05 23:05:22.069645000","2022-05-05 23:16:45.159338000","Red Robin (211)",8,6393.000000000000,"Order Delivered"
"2022-05-05 23:10:43.207354000","2022-05-05 23:22:34.094563000","2022-05-05 23:35:06.870489000","Chipotle (West Wildcat Reserve Parkway)",2,0.000000000000,"Order Delivered"
"2022-05-05 23:20:50.762920000","2022-05-05 23:47:18.153665000","2022-05-05 23:57:05.453234000","Red Robin (211)",5,5085.000000000000,"Order Delivered"
"2022-05-05 23:26:46.030418000","2022-05-06 00:09:33.511691000","2022-05-06 00:31:12.163113000","Applebee's 8433 CENTENNIAL",1,1519.000000000000,"Order Delivered"
"2022-05-05 23:45:14.523103000","2022-05-06 00:09:28.645185000","2022-05-06 00:23:21.625660000","Applebee's 8433 CENTENNIAL",1,3586.000000000000,"Order Delivered"
"2022-05-06 00:45:47.790888000","2022-05-06 01:24:03.307868000","2022-05-06 01:31:43.285819000","Torchy's Tacos (61 - Highlands Ranch)",3,1850.000000000000,"Order Delivered"
"2022-05-06 01:19:09.696791000","2022-05-06 01:38:34.106161000","2022-05-06 01:48:18.353086000","Cold Stone Creamery (20722)",2,1785.000000000000,"Order Delivered"
"2022-05-06 16:42:25.316045000","2022-05-06 17:01:03.712450000","2022-05-06 17:21:33.670780000","Chipotle (West Wildcat Reserve Parkway)",1,0.000000000000,"Order Delivered"
"2022-05-06 16:48:56.553864000","2022-05-06 17:04:22.518704000","2022-05-06 17:14:04.188737000","Chipotle (Wildcat)",2,2750.000000000000,"Order Delivered"
"2022-05-06 22:34:29.623916000","2022-05-06 23:11:40.377095000","2022-05-06 23:33:43.521195000","Chick-fil-A (03183)",6,2418.000000000000,"Order Delivered"
"2022-05-06 23:30:00.483192000","2022-05-06 23:55:02.829786000","2022-05-07 00:10:29.030203000","Buffalo Wild Wings (381)",2,3758.000000000000,"Order Delivered"
"2022-05-07 00:15:51.041446000","2022-05-07 00:28:20.410101000","2022-05-07 00:41:39.965078000","Chipotle (Wildcat)",2,1965.000000000000,"Order Delivered"
"2022-05-07 01:43:11.501150000","2022-05-07 02:06:36.255481000","2022-05-07 02:21:36.704510000","Shake Shack (Highlands Ranch 1234)",2,1518.000000000000,"Order Delivered"
"2022-05-07 01:58:57.733128000","2022-05-07 02:52:00.166628000","2022-05-07 03:06:50.880093000","Little Caesars (1783-0001)",1,818.000000000000,"Order Delivered"
"2022-05-07 02:16:29.917231000","2022-05-07 02:33:31.905637000","2022-05-07 02:43:24.089779000","136 - Noodles & Company",3,1980.000000000000,"Order Delivered"
"2022-05-07 02:20:13.776768000","2022-05-07 02:33:26.551795000","2022-05-07 02:39:48.182541000","136 - Noodles & Company",1,1740.000000000000,"Order Delivered"
"2022-05-07 03:00:32.501013000","2022-05-07 03:22:49.604029000","2022-05-07 03:40:58.853509000","Cold Stone Creamery (20722)",1,1874.000000000000,"Order Delivered"
"2022-05-07 03:01:08.019263000","2022-05-07 03:21:08.147553000","2022-05-07 03:30:43.921351000","Qdoba (2239) (C)",1,1785.000000000000,"Order Delivered"
"2022-05-11 23:12:05.432455000","2022-05-11 23:44:28.413945000","2022-05-11 23:49:11.148611000","Safeway (1480)",5,1045.000000000000,"Order Delivered"
"2022-05-11 23:16:15.172005000","2022-05-12 00:01:01.705569000","2022-05-12 00:19:25.802207000","Highlands Ranch",4,0.000000000000,"Order Delivered"
"2022-05-11 23:24:47.457492000","2022-05-12 00:03:37.773036000","2022-05-12 00:28:35.649549000","Cava Highlands Ranch 110",2,2090.000000000000,"Order Delivered"
"2022-05-12 00:45:23.425864000","2022-05-12 00:57:03.705732000","2022-05-12 01:06:35.353846000","Wahoo's Fish Tacos (Highlands Ranch)",3,1752.000000000000,"Order Delivered"
"2022-05-12 02:07:29.297658000","2022-05-12 02:11:47.782872000","2022-05-12 02:16:13.951963000","Chick-fil-A (03183)",2,1564.000000000000,"Order Delivered"
"2022-05-12 02:08:26.097976000","2022-05-12 02:22:02.482930000","2022-05-12 02:30:33.994966000","Cold Stone Creamery (20722)",1,1035.000000000000,"Order Delivered"
"2022-05-12 02:26:28.096498000","2022-05-12 02:43:01.667656000","2022-05-12 02:48:57.350119000","Chick-fil-A (00689)",1,849.000000000000,"Order Delivered"
"2022-05-12 02:39:34.189021000","2022-05-12 02:57:01.026893000","2022-05-12 03:21:45.058873000","Crumbl (Highlands Ranch)",1,1780.000000000000,"Order Delivered"
"2022-05-12 03:21:28.900560000","2022-05-12 03:34:05.542424000","2022-05-12 03:51:58.948757000","CVS (10782)",4,2296.000000000000,"Order Delivered"
"2022-05-12 03:54:40.997898000","2022-05-12 04:00:50.004563000","2022-05-12 04:07:39.006355000","McDonald's (18083-HIGHLANDS RANCH)",1,1529.000000000000,"Order Delivered"
"2022-05-13 01:33:55.896655000","2022-05-13 02:58:11.314984000","2022-05-13 03:15:25.947548000","Tokyo Joe's - 005 - HR 1",1,1275.000000000000,"Order Delivered"
"2022-05-13 01:52:15.440166000","2022-05-13 02:52:04.108287000","2022-05-13 03:05:48.374587000","Modern Market (West Highlands Ranch Parkway)",2,0.000000000000,"Order Delivered"
"2022-05-13 02:29:01.145428000","2022-05-13 03:23:51.290431000","2022-05-13 03:39:34.887469000","Wahoo's Fish Tacos (Highlands Ranch)",3,2880.000000000000,"Order Delivered"
"2022-05-13 02:29:03.701840000","2022-05-13 03:33:42.665017000","2022-05-13 03:47:11.295407000","Highlands Indian Cuisine",2,2400.000000000000,"Order Delivered"
"2022-05-13 03:32:12.917916000","2022-05-13 03:57:16.728034000","2022-05-13 04:03:47.491397000","Buffalo Wild Wings (381)",2,2058.000000000000,"Order Delivered"
"2022-05-13 04:12:31.028913000","2022-05-13 04:29:56.564756000","2022-05-13 04:35:17.825949000","Leo's Italian Kitchen (OC - 0104)",1,1459.000000000000,"Order Delivered"
"2022-05-13 04:46:08.955961000","2022-05-13 05:04:11.437511000","2022-05-13 05:20:14.450974000","McDonald's (18083-HIGHLANDS RANCH)",3,2331.000000000000,"Order Delivered"
"2022-05-15 02:22:04.523886000","2022-05-15 02:36:04.025115000","2022-05-15 02:43:14.052317000","Chick-fil-A (03183)",6,2862.000000000000,"Order Delivered"
"2022-05-15 02:35:15.818502000","2022-05-15 02:56:46.784050000","2022-05-15 03:09:50.710779000","Dairy Queen (14523)",4,2396.000000000000,"Order Delivered"
"2022-05-15 02:41:16.333910000","2022-05-15 02:56:51.840396000","2022-05-15 03:24:02.377052000","Dairy Queen (14523)",2,1318.000000000000,"Order Delivered"
"2022-05-15 03:12:10.473777000","2022-05-15 03:38:08.287985000","2022-05-15 03:44:23.805846000","Chick-fil-A (00689)",3,2043.000000000000,"Order Delivered"
"2022-05-16 01:48:53.013555000","2022-05-16 02:17:06.357255000","2022-05-16 02:26:00.716186000","Tokyo Joe's - 005 - HR 1",4,4095.000000000000,"Order Delivered"
"2022-05-16 02:06:29.728910000","2022-05-16 02:18:36.349738000","2022-05-16 02:39:10.637566000","Tokyo Joe's - 005 - HR 1",2,1730.000000000000,"Order Delivered"
"2022-05-18 20:31:46.668313000","2022-05-19 01:27:35.945731000","2022-05-19 01:49:20.815144000","PetSmart (South Broadway)",2,0.000000000000,"Order Delivered"
"2022-05-19 02:01:42.821572000","2022-05-19 02:21:17.606358000","2022-05-19 02:33:03.594178000","Dairy Queen (14523)",2,1663.000000000000,"Order Delivered"
"2022-05-19 02:14:35.361596000","2022-05-19 02:21:22.185954000","2022-05-19 02:45:37.992310000","Dairy Queen (14523)",4,3056.000000000000,"Order Delivered"
"2022-05-19 02:43:31.599456000","2022-05-19 02:53:57.554326000","2022-05-19 02:59:08.792639000","Taco Bell (4078)",2,1558.000000000000,"Order Delivered"
"2022-05-19 02:58:21.045758000","2022-05-19 03:07:32.646156000","2022-05-19 03:17:51.332655000","Wendy's (1660)",4,1595.000000000000,"Order Delivered"
"2022-05-19 03:12:30.454795000","2022-05-19 03:23:20.081471000","2022-05-19 03:28:51.046514000","Chipotle (West Wildcat Reserve Parkway)",3,0.000000000000,"Order Delivered"
"2022-05-19 03:21:53.965109000","2022-05-19 03:39:04.841014000","2022-05-19 03:51:27.314442000","Chipotle (Wildcat)",8,6325.000000000000,"Order Delivered"
"2022-05-19 04:03:20.172031000","2022-05-19 04:08:53.332437000","2022-05-19 04:37:43.173771000","Taco Bell (4078)",6,3936.000000000000,"Order Delivered"
"2022-05-19 04:06:14.984426000","2022-05-19 04:10:53.561713000","2022-05-19 04:26:03.048353000","Taco Bell (4078)",2,1247.000000000000,"Order Delivered"
"2022-05-19 04:38:54.666465000","2022-05-19 04:50:35.852495000","2022-05-19 04:56:33.354785000","McDonald's (18083-HIGHLANDS RANCH)",6,1915.000000000000,"Order Delivered"
"2022-05-19 17:49:45.950682000","2022-05-19 18:24:18.208008000","2022-05-19 18:40:22.760982000","136 - Noodles & Company",2,1620.000000000000,"Order Delivered"
"2022-05-19 18:34:02.384058000","2022-05-19 18:55:26.554672000","2022-05-19 19:27:22.452369000","Chipotle (Wildcat)",1,1395.000000000000,"Order Delivered"
"2022-05-19 18:47:31.895951000","2022-05-19 19:02:21.216099000","2022-05-19 19:07:21.290732000","Chipotle (Wildcat)",7,4855.000000000000,"Order Delivered"
"2022-05-20 02:39:28.110083000","2022-05-20 02:56:42.680216000","2022-05-20 03:02:01.921813000","McDonald's (18083-HIGHLANDS RANCH)",3,1637.000000000000,"Order Delivered"
"2022-05-20 02:42:03.794476000","2022-05-20 03:12:15.763146000","2022-05-20 03:24:01.627881000","Wingstop (497)",2,2187.000000000000,"Order Delivered"
"2022-05-20 03:01:18.597874000","2022-05-20 03:41:26.935061000","2022-05-20 03:47:07.316241000","McDonald's (10561-BROADWAY & MINERAL)",1,504.000000000000,"Order Delivered"
"2022-05-20 03:46:17.078097000","2022-05-20 03:59:07.255988000","2022-05-20 04:06:46.183837000","McDonald's (18083-HIGHLANDS RANCH)",2,840.000000000000,"Order Delivered"
"2022-05-23 00:12:37.577242000","2022-05-23 00:34:51.774992000","2022-05-23 00:42:35.150933000","Tokyo Joe's (South Broadway)",6,0.000000000000,"Order Delivered"
"2022-05-23 00:35:00.012227000","2022-05-23 00:50:07.451431000","2022-05-23 00:54:16.250808000","McDonald's (10561-BROADWAY & MINERAL)",2,2187.000000000000,"Order Delivered"
"2022-05-23 00:43:11.789073000","2022-05-23 01:00:45.517905000","2022-05-23 01:12:25.046360000","Jersey Mike's (South Broadway)",2,0.000000000000,"Order Delivered"
"2022-05-23 00:57:12.517560000","2022-05-23 01:07:27.737244000","2022-05-23 01:15:31.985656000","Modern Market (Highlands Ranch - 008)",1,1477.000000000000,"Order Delivered"
"2022-05-23 01:08:38.040632000","2022-05-23 01:27:29.657142000","2022-05-23 01:37:31.201098000","MAD Greens 122 (Highlands Ranch)",2,3530.000000000000,"Order Delivered"
"2022-05-23 01:08:55.286102000","2022-05-23 01:30:44.058275000","2022-05-23 01:49:42.733260000","Rock Bottom Restaurant and Brewery (1098 RB Highlands Ranch)",2,2298.000000000000,"Order Delivered"
"2022-05-23 01:56:25.795405000","2022-05-23 02:05:09.384838000","2022-05-23 02:12:23.113584000","Tokyo Joe's - 005 - HR 1",1,1515.000000000000,"Order Delivered"
"2022-05-23 02:13:49.856663000","2022-05-23 02:23:09.593430000","2022-05-23 02:29:03.930964000","McDonald's (18083-HIGHLANDS RANCH)",2,1470.000000000000,"Order Delivered"
"2022-05-23 02:31:21.365838000","2022-05-23 02:41:11.255951000","2022-05-23 02:47:38.649767000","McDonald's (18083-HIGHLANDS RANCH)",3,1273.000000000000,"Order Delivered"
"2022-05-23 02:43:35.913249000","2022-05-23 02:57:03.317400000","2022-05-23 03:04:04.091828000","Denny's (9651)",1,1827.000000000000,"Order Delivered"
"2022-05-23 02:48:50.901988000","2022-05-23 03:12:03.095424000","2022-05-23 03:19:32.607733000","Wingstop Drive (497)",1,0.000000000000,"Order Delivered"
"2022-05-23 03:15:05.147612000","2022-05-23 03:26:19.851279000","2022-05-23 03:34:43.016587000","Chipotle (South University Boulevard)",2,0.000000000000,"Order Delivered"
"2022-05-24 23:10:55.610872000","2022-05-24 23:34:25.700013000","2022-05-24 23:50:47.685710000","Chipotle (West Wildcat Reserve Parkway)",5,0.000000000000,"Order Delivered"
"2022-05-24 23:12:44.486233000","2022-05-24 23:21:25.393641000","2022-05-24 23:45:48.467577000","Chipotle (Wildcat)",1,1485.000000000000,"Order Delivered"
"2022-05-24 23:37:47.820454000","2022-05-25 00:19:43.605011000","2022-05-25 00:27:58.053740000","Buffalo Wild Wings (381)",1,1629.000000000000,"Order Delivered"
"2022-05-24 23:44:06.668540000","2022-05-25 00:08:58.130327000","2022-05-25 00:14:58.075583000","Old Chicago (Highlands Ranch - 0104)",1,3529.000000000000,"Order Delivered"
"2022-05-25 00:27:23.848918000","2022-05-25 00:39:29.438134000","2022-05-25 00:48:36.323655000","Dairy Queen (14523)",2,1198.000000000000,"Order Delivered"
"2022-05-25 00:40:20.345857000","2022-05-25 00:57:44.477627000","2022-05-25 01:11:07.360913000","Highlands Indian Cuisine",4,3400.000000000000,"Order Delivered"
"2022-05-25 18:38:50.872898000","2022-05-25 19:10:00.119812000","2022-05-25 19:20:47.680154000","Modern Market (West Highlands Ranch Parkway)",2,0.000000000000,"Order Delivered"
"2022-05-25 19:00:53.772736000","2022-05-25 19:11:38.683498000","2022-05-25 19:28:41.842614000","Modern Market (Highlands Ranch - 008)",2,1698.000000000000,"Order Delivered"
"2022-05-26 02:00:04.428227000","2022-05-26 02:18:01.396354000","2022-05-26 02:25:00.340719000","McDonald's (18083-HIGHLANDS RANCH)",4,943.000000000000,"Order Delivered"
"2022-05-26 02:16:22.120058000","2022-05-26 02:32:26.147942000","2022-05-26 02:43:45.539837000","Chick-fil-A (03183)",3,1433.000000000000,"Order Delivered"
"2022-05-26 04:47:57.040383000","2022-05-26 05:09:10.894790000","2022-05-26 05:19:30.975122000","Old Chicago (Highlands Ranch - 0104)",3,2437.000000000000,"Order Delivered"
"2022-05-26 05:14:34.947184000","2022-05-26 05:38:44.639617000","2022-05-26 05:44:45.075273000","Wendy's (South University Boulevard)",4,0.000000000000,"Order Delivered"
"2022-05-26 05:54:07.305030000","2022-05-26 06:24:47.402787000","2022-05-26 06:30:36.306411000","McDonald's (18083-HIGHLANDS RANCH)",6,1866.000000000000,"Order Delivered"
"2022-05-26 16:48:16.032718000","2022-05-26 17:27:38.727635000","2022-05-26 17:45:20.986610000","Chipotle (Wildcat)",1,1005.000000000000,"Order Delivered"
"2022-05-27 23:12:02.311522000","2022-05-27 23:25:05.811476000","2022-05-27 23:39:47.878404000","Cold Stone Creamery (20722)",2,2205.000000000000,"Order Delivered"
"2022-05-27 23:29:53.670024000","2022-05-27 23:45:45.235170000","2022-05-27 23:58:04.236063000","Taste of Philly - Highlands-Ranch (2660 East County Line Road)",2,0.000000000000,"Order Delivered"
"2022-05-28 00:00:19.296587000","2022-05-28 00:33:47.638729000","2022-05-28 00:46:17.617372000","Buffalo Wild Wings (381)",3,4457.000000000000,"Order Delivered"
"2022-05-28 23:02:43.221117000","2022-05-28 23:20:43.559497000","2022-05-28 23:29:42.110701000","MAD Greens 122 (Highlands Ranch)",1,1565.000000000000,"Order Delivered"
"2022-05-28 23:36:36.203471000","2022-05-29 00:53:57.729445000","2022-05-29 01:02:50.706793000","Anthony's Pizza & Pasta (W Town Center Dr)-",3,4020.000000000000,"Order Delivered"
"2022-05-28 23:40:32.914243000","2022-05-28 23:54:37.765478000","2022-05-29 00:02:04.761470000","Panda Express (3429)",6,6780.000000000000,"Order Delivered"
"2022-05-28 23:54:10.717782000","2022-05-29 00:08:09.283103000","2022-05-29 00:18:43.160077000","Chipotle (West Wildcat Reserve Parkway)",2,0.000000000000,"Order Delivered"
"2022-05-29 00:15:08.597869000","2022-05-29 00:29:14.089036000","2022-05-29 00:42:01.129310000","Shake Shack (Highlands Ranch 1234)",6,4454.000000000000,"Order Delivered"
"2022-05-29 00:15:30.066596000","2022-05-29 00:34:06.396964000","2022-05-29 00:43:37.463217000","Rock Bottom Restaurant and Brewery (1098 RB Highlands Ranch)",2,1997.000000000000,"Order Delivered"
"2022-05-29 01:00:05.990828000","2022-05-29 01:14:51.220218000","2022-05-29 01:42:40.320390000","Smoothie King (1510)",2,2550.000000000000,"Order Delivered"
"2022-05-29 01:06:25.868780000","2022-05-29 01:26:13.630101000","2022-05-29 01:35:54.690905000","Little Caesars Drive (1783-0001)",4,0.000000000000,"Order Delivered"
"2022-05-29 06:28:36.198764000","2022-05-29 06:39:38.107879000","2022-05-29 06:48:04.740946000","McDonald's (18083-HIGHLANDS RANCH)",7,1962.000000000000,"Order Delivered"
"2022-05-30 00:25:29.052877000","2022-05-30 00:56:13.375057000","2022-05-30 01:07:56.530735000","Modern Market (Highlands Ranch - 008)",1,1418.000000000000,"Order Delivered"
"2022-05-30 00:27:26.601828000","2022-05-30 00:52:44.190044000","2022-05-30 01:17:05.083233000","Tokyo Joe's - 005 - HR 1",5,5635.000000000000,"Order Delivered"
"2022-05-30 01:07:22.429054000","2022-05-30 01:34:10.595645000","2022-05-30 02:02:52.681932000","Panda Express (1520 Town Center Drive)",8,0.000000000000,"Order Delivered"
"2022-05-30 17:41:28.698077000","2022-05-30 18:13:24.637795000","2022-05-30 18:28:10.132738000","Tropical Smoothie Cafe (CO-010)",2,1917.000000000000,"Order Delivered"
"2022-05-31 01:09:59.243247000","2022-05-31 01:31:14.989666000","2022-05-31 01:39:57.231902000","Outback Steakhouse (Highlands Ranch - 614)",2,3247.000000000000,"Order Delivered"
"2022-05-31 01:39:41.311176000","2022-05-31 01:48:34.249748000","2022-05-31 01:55:09.899372000","McDonald's (10561-BROADWAY & MINERAL)",4,2302.000000000000,"Order Delivered"
"2022-05-31 01:49:19.703153000","2022-05-31 02:00:25.165108000","2022-05-31 02:09:52.178673000","Jersey Mike's Subs (22031)",4,1749.000000000000,"Order Delivered"
"2022-05-31 01:53:20.010350000","2022-05-31 02:16:40.876458000","2022-05-31 02:26:39.800058000","Zaika Indian Cuisine (Littleton)",2,2398.000000000000,"Order Delivered"
"2022-05-31 02:20:41.727087000","2022-05-31 02:56:01.143787000","2022-05-31 03:03:52.856219000","Walgreens (12423)",7,2983.000000000000,"Order Delivered"
"2022-05-31 18:56:00.859938000","2022-05-31 19:04:21.415748000","2022-05-31 19:27:33.395744000","Walgreens Front End OD (South University Boulevard)",1,0.000000000000,"Order Delivered"
"2022-06-01 15:36:43.556926000","2022-06-01 15:57:48.297166000","2022-06-01 16:06:04.060830000","Chick-fil-A (00689)",2,844.000000000000,"Order Delivered"
"2022-06-01 16:08:31.165206000","2022-06-01 16:20:39.761547000","2022-06-01 16:27:10.867735000","Chick-fil-A (00689)",2,888.000000000000,"Order Delivered"
"2022-06-01 18:10:55.988662000","2022-06-01 18:27:10.706402000","2022-06-01 18:31:34.232089000","Chick-fil-A (00689)",3,1439.000000000000,"Order Delivered"
"2022-06-01 18:50:32.043193000","2022-06-01 19:17:25.949824000","2022-06-01 19:25:40.761993000","Capriotti's Sandwich Shop (CO229 - Highlands Ranch)",3,5897.000000000000,"Order Delivered"
"2022-06-01 19:20:26.745288000","2022-06-01 19:34:14.008708000","2022-06-01 19:48:05.146352000","Corner Bakery (1505)",2,1777.000000000000,"Order Delivered"
"2022-06-03 00:29:37.217198000","2022-06-03 00:40:20.357300000","2022-06-03 00:57:01.996222000","Tokyo Joe's - 005 - HR 1",2,1680.000000000000,"Order Delivered"
"2022-06-03 00:47:55.928640000","2022-06-03 01:20:42.325769000","2022-06-03 01:33:08.526268000","Burger King (12903)",1,1614.000000000000,"Order Delivered"
"2022-06-03 01:00:19.666261000","2022-06-03 01:20:48.327822000","2022-06-03 01:45:56.475355000","Burger King (12903)",3,3405.000000000000,"Order Delivered"
"2022-06-03 01:41:24.385850000","2022-06-03 01:59:11.854501000","2022-06-03 02:09:57.513000000","Torchy's Tacos (61 - Highlands Ranch)",4,1880.000000000000,"Order Delivered"
"2022-06-03 02:00:09.325427000","2022-06-03 02:29:01.372575000","2022-06-03 02:38:44.488216000","Burger King (12903)",1,1252.000000000000,"Order Delivered"
"2022-06-03 02:34:09.258485000","2022-06-03 02:47:54.871340000","2022-06-03 02:57:18.349227000","121 - Noodles & Company",2,2610.000000000000,"Order Delivered"
"2022-06-03 02:49:26.483607000","2022-06-03 03:06:00.376760000","2022-06-03 03:23:15.372517000","A&W E720226",2,2499.000000000000,"Order Delivered"
"2022-06-03 03:18:07.769606000","2022-06-03 03:30:56.246446000","2022-06-03 03:35:49.267830000","Dairy Queen (14523)",2,2121.000000000000,"Order Delivered"
"2022-06-03 03:29:05.764047000","2022-06-03 03:59:43.836687000","2022-06-03 04:16:43.377337000","Walgreens (3489)",3,479.000000000000,"Order Delivered"
"2022-06-03 03:35:39.762728000","2022-06-03 03:40:38.680536000","2022-06-03 03:46:09.127556000","Dairy Queen (14523)",2,1558.000000000000,"Order Delivered"
"2022-06-03 03:49:51.716860000","2022-06-03 04:02:47.353015000","2022-06-03 04:29:01.152664000","Dairy Queen (14523)",2,1498.000000000000,"Order Delivered"
"2022-06-04 02:50:38.233544000","2022-06-04 03:12:18.697018000","2022-06-04 03:26:20.857744000","Buffalo Wild Wings (381)",1,2758.000000000000,"Order Delivered"
"2022-06-05 04:13:10.970853000","2022-06-05 04:44:38.658136000","2022-06-05 05:00:44.823304000","Crumbl (Highlands Ranch) (South University Boulevard)",1,0.000000000000,"Order Delivered"
"2022-06-05 04:45:10.472187000","2022-06-05 05:23:57.382283000","2022-06-05 05:39:24.681151000","McDonald's (18083-HIGHLANDS RANCH)",3,2977.000000000000,"Order Delivered"
"2022-06-05 05:43:34.592680000","2022-06-05 06:12:18.967153000","2022-06-05 06:21:30.439747000","McDonald's (18083-HIGHLANDS RANCH)",3,1584.000000000000,"Order Delivered"
"2022-06-05 06:18:00.435957000","2022-06-05 06:48:10.752001000","2022-06-05 07:03:41.504339000","Wendy's (7742)",11,5075.000000000000,"Order Delivered"
"2022-06-06 00:52:08.283966000","2022-06-06 01:05:50.358969000","2022-06-06 01:17:16.005687000","Modern Market (Highlands Ranch - 008)",1,2216.000000000000,"Order Delivered"
"2022-06-06 01:16:36.608239000","2022-06-06 01:35:04.309294000","2022-06-06 01:42:56.516216000","Cold Stone Creamery (20722)",2,1957.000000000000,"Order Delivered"
"2022-06-06 01:35:29.292019000","2022-06-06 01:52:28.165199000","2022-06-06 02:10:53.306365000","MAD Greens 122 (Highlands Ranch)",1,1665.000000000000,"Order Delivered"
"2022-06-06 02:04:49.843822000","2022-06-06 02:36:16.894022000","2022-06-06 02:45:05.689368000","Rock Bottom Restaurant and Brewery (1098 RB Highlands Ranch)",4,5376.000000000000,"Order Delivered"
"2022-06-07 04:56:10.435011000","2022-06-07 05:33:28.396770000","2022-06-07 05:41:30.615690000","McDonald's (18083-HIGHLANDS RANCH)",6,1444.000000000000,"Order Delivered"
"2022-06-07 06:04:49.103298000","2022-06-07 06:24:18.814375000","2022-06-07 06:33:47.178228000","McDonald's (18083-HIGHLANDS RANCH)",6,4087.000000000000,"Order Delivered"
"2022-06-07 06:33:07.320431000","2022-06-07 06:44:25.036517000","2022-06-07 06:52:14.122193000","7-Eleven (33040)",1,429.000000000000,"Order Delivered"
